{"lr": 0.0011115251077718619, "a": 1.7758141433773058, "b": 7.957004652918955}
