{"lr": 0.0005279169972961613, "a": 0.1245057176148455, "b": 0.8436797665969366}